sample,time,mcu_pos_z,frame_t,chamber_t,bed_t,bed_target,he_t,he_target
0,2021/06/05-13:24:41,-80532,27.568766143873177,29.479851409797902,31.39743830354782,105.0,100.0856790769593,100.0
0,2021/06/05-13:24:45,-80532,27.5098595014569,29.535134293320937,32.282896118170335,105.0,99.59960990388412,100.0
0,2021/06/05-13:24:48,-80531,27.55405010811836,29.452173421510338,33.645926621735285,105.0,99.34717127398301,100.0
1,2021/06/05-13:25:41,-80531,27.6275596715563,29.424470999581672,48.996064094734685,105.0,100.04356899352145,100.0
1,2021/06/05-13:25:44,-80529,27.642240440169132,29.34121660931396,49.80205067021904,105.0,99.56683468362327,100.0
1,2021/06/05-13:25:48,-80529,27.656914179619605,29.35510770474042,50.62547155585387,105.0,99.36809137273649,100.0
2,2021/06/05-13:26:41,-80529,27.612871865711327,29.755298801909646,59.762340497558796,105.0,99.90843308389802,100.0
2,2021/06/05-13:26:44,-80528,27.6275596715563,29.83746523330518,60.32721723673741,105.0,99.52684001747214,100.0
2,2021/06/05-13:26:48,-80528,27.656914179619605,29.796408787476764,60.834395556306546,105.0,99.41006546788644,100.0
3,2021/06/05-13:27:41,-80527,27.715539006702784,30.433581126802494,67.60426431867107,105.0,99.81163313535073,100.0
3,2021/06/05-13:27:45,-80527,27.656914179619605,30.55414623183617,68.03701664831485,105.0,99.45964074199026,100.0
3,2021/06/05-13:27:48,-80527,27.774052009128013,30.594233347553086,69.00504275037629,105.0,99.43417149030118,100.0
4,2021/06/05-13:28:41,-80527,27.817863682803647,31.47666644728986,76.85648097493035,105.0,99.6841175649443,100.0
4,2021/06/05-13:28:45,-80525,27.817863682803647,31.47666644728986,77.16437677148619,105.0,99.42717844891442,100.0
4,2021/06/05-13:28:49,-78805,27.84703678499278,31.48965520230297,77.43316104305285,105.0,99.54389481183713,100.0
5,2021/06/05-13:29:41,-78805,27.992488490418395,32.44926270026093,81.76357797902276,105.0,99.65351169363052,100.0
5,2021/06/05-13:29:45,-80523,27.94892514848891,32.42403705746966,82.05905282630916,105.0,99.42025743243266,100.0
5,2021/06/05-13:29:49,-80523,28.006995914797017,32.43665231281352,82.37885342665975,105.0,99.53836874062819,100.0
6,2021/06/05-13:30:41,-80522,28.252583101693574,33.221787675855694,87.02888025853098,105.0,99.61279547923046,100.0
6,2021/06/05-13:30:45,-80521,28.137256221240875,33.28330553927623,87.3696304639651,105.0,99.46076950339479,100.0
6,2021/06/05-13:30:49,-80521,28.122810007438886,33.2710111211461,87.68651458220242,105.0,99.63137429688206,100.0
7,2021/06/05-13:31:42,-80521,28.32444432373751,34.252403707840074,92.14754507079728,105.0,99.50411140819182,100.0
7,2021/06/05-13:31:45,-80520,28.353142103893333,34.28820325400119,92.49727426900603,105.0,99.41819888410389,100.0
7,2021/06/05-13:31:49,-80520,28.353142103893333,34.46663057830341,92.80365232685284,105.0,99.67408492746978,100.0
8,2021/06/05-13:32:42,-80519,28.524772218449243,35.287037708350056,97.27156364149879,105.0,99.53288310911623,100.0
8,2021/06/05-13:32:45,-80518,28.567531601749124,35.37954740517671,97.55628137032927,105.0,99.43654439878004,100.0
8,2021/06/05-13:32:49,-80518,28.581771638666396,35.35644352258697,97.85282575242738,105.0,99.67235063375142,100.0
9,2021/06/05-13:33:42,-80518,28.723813857016808,36.470603214043535,101.69845775221539,105.0,99.46986842089231,100.0
9,2021/06/05-13:33:46,-80517,28.836982032009075,36.448221793068456,101.95096771142593,105.0,99.43130094561245,100.0
9,2021/06/05-13:33:49,-80516,28.87931421394211,36.61573124142575,102.18550341390682,105.0,99.73909870256767,100.0
10,2021/06/05-13:34:42,-80516,29.076107657162538,37.67995651906307,104.8751039316592,105.0,99.46327446588356,100.0
10,2021/06/05-13:34:46,-80516,29.104119957683395,37.83092700349937,105.12769445479047,105.0,99.45340791860694,100.0
10,2021/06/05-13:34:50,-80516,29.146091366170367,37.766304360534264,105.40517017546794,105.0,99.77045245287535,100.0
11,2021/06/05-13:35:42,-80515,29.36899264591699,38.891025530722345,105.61181882271633,105.0,99.45145917744539,100.0
11,2021/06/05-13:35:46,-80516,29.479851409797902,38.83876076119378,105.40301055698522,105.0,99.46341143181861,100.0
11,2021/06/05-13:35:50,-80516,29.39674409183334,38.891025530722345,104.8947317667292,105.0,99.79783166331407,100.0
12,2021/06/05-13:36:42,-80516,29.63164590980523,39.63536224790147,104.8184812942346,105.0,99.46438795981521,100.0
12,2021/06/05-13:36:46,-80517,29.714135107314917,39.62512826824326,104.87023908691141,105.0,99.47925031926137,100.0
12,2021/06/05-13:36:50,-80517,29.70040191106665,39.6864890087752,104.71079379351777,105.0,99.78703466873806,100.0
13,2021/06/05-13:37:43,-80517,29.973935534018494,40.23414223393689,104.41913453259619,105.0,99.43547027860853,100.0
13,2021/06/05-13:37:46,-80519,30.001158976780857,40.203931028128636,104.585609579953,105.0,99.44967027505801,100.0
13,2021/06/05-13:37:50,-80519,30.041950235091235,40.21400419259561,104.5499691938764,105.0,99.77896558554544,100.0
14,2021/06/05-13:38:43,-80518,30.285600131058686,40.93213022473083,104.87825857190894,105.0,99.4277734206882,100.0
14,2021/06/05-13:38:46,-80519,30.366402488017286,41.00121054073179,104.81498290499502,105.0,99.44684174915197,100.0
14,2021/06/05-13:38:50,-80519,30.379849581817098,41.04062745168284,105.10096899609034,105.0,99.79871025806281,100.0
15,2021/06/05-13:39:43,-80519,30.767364111699123,41.66570198707507,105.34958111174072,105.0,99.41052258747105,100.0
15,2021/06/05-13:39:46,-80521,30.634270094684666,41.78175190465555,105.01746748994937,105.0,99.49385389208885,100.0
15,2021/06/05-13:39:50,-80521,30.674256626793465,41.69474804385072,104.99503882799873,105.0,99.87384657330387,100.0
16,2021/06/05-13:40:43,-80522,31.04507036004378,42.156466993607125,105.12503272591017,105.0,99.40356333693175,100.0
16,2021/06/05-13:40:47,-80524,31.01872568606376,42.10863361663547,105.02933958378128,105.0,99.4988414553218,100.0
16,2021/06/05-13:40:50,-80524,31.005545224037007,42.099059688226475,105.01923967145468,105.0,99.91357558813696,100.0
17,2021/06/05-13:41:43,-80524,31.42465904096656,42.71640105796416,105.31707866315264,105.0,99.38767891838827,100.0
17,2021/06/05-13:41:47,-80526,31.359531526059698,42.72582097782271,104.88440314464577,105.0,99.53621972569755,100.0
17,2021/06/05-13:41:51,-80526,31.398623833716954,42.69755425691915,104.58775661758116,105.0,99.99659659629847,100.0
18,2021/06/05-13:42:43,-80527,31.67095112532064,43.03538666443518,106.02805602836574,105.0,99.40247003438836,100.0
18,2021/06/05-13:42:47,-80528,31.722563697319515,43.02604246327047,105.72825417268089,105.0,99.60992407070401,100.0
18,2021/06/05-13:42:51,-80529,31.696767705404227,42.96056938992234,105.19204774219982,105.0,100.03309111747488,100.0
19,2021/06/05-13:43:43,-80529,32.056056155450506,43.51819180911741,105.00622255488352,105.0,99.42644032965286,100.0
19,2021/06/05-13:43:47,-80530,32.030524203002244,43.42581176274649,105.06412311795737,105.0,99.59466827485842,100.0
19,2021/06/05-13:43:51,-80530,32.107059986829256,43.59193773020701,105.44088647817472,105.0,100.03189744845434,100.0
20,2021/06/05-13:44:43,-80530,32.373527264701465,43.92207475999794,105.40841583248034,105.0,99.42504337028036,100.0
20,2021/06/05-13:44:47,-80532,32.32293921507642,43.88553066345679,105.49577964178972,105.0,99.61869692300701,100.0
20,2021/06/05-13:44:51,-80532,32.43665231281352,43.88553066345679,105.38292002134732,105.0,100.00891504443632,100.0
21,2021/06/05-13:45:43,-80532,32.67542248736686,44.0861016772493,104.63726880345617,105.0,99.42017559648181,100.0
21,2021/06/05-13:45:47,-80534,32.66289894013704,44.122458938260195,105.02887790639437,105.0,99.60263961223376,100.0
21,2021/06/05-13:45:51,-80533,32.7629536887552,44.06791038463791,105.54462262977569,105.0,100.05506348047734,100.0
22,2021/06/05-13:46:44,-80534,32.9373193316855,44.43014358821682,105.2972093908699,105.0,99.41856384853703,100.0
22,2021/06/05-13:46:47,-80536,33.01176545016489,44.46618408726766,104.91280150354334,105.0,99.60260306701213,100.0
22,2021/06/05-13:46:51,-80536,33.048925507107754,44.439156803019955,104.66700323596235,105.0,99.99646308507711,100.0
23,2021/06/05-13:47:44,-80537,33.381496755623175,44.73544427468835,104.9067225479291,105.0,99.41946321071181,100.0
23,2021/06/05-13:47:48,-80537,33.369238771613595,44.69964866814922,105.39603721564754,105.0,99.56333358379054,100.0
23,2021/06/05-13:47:51,-80537,33.40599912115732,44.73544427468835,105.4317270812248,105.0,99.98258172223056,100.0
24,2021/06/05-13:48:44,-80537,33.77137984180325,44.88721604438092,105.07824916868213,105.0,99.42554780425316,100.0
24,2021/06/05-13:48:48,-80539,33.71076134024247,44.93174459403468,104.87959456821287,105.0,99.54853332950204,100.0
24,2021/06/05-13:48:52,-80539,33.819795314649014,44.851557232078505,105.0140660321105,105.0,99.99141862911245,100.0
25,2021/06/05-13:49:44,-78819,34.06082409687218,44.601043484257616,104.71189855743712,105.0,99.4628998168279,100.0
25,2021/06/05-13:49:48,-80541,34.06082409687218,44.762269769024726,104.60158937643867,105.0,99.53213251651125,100.0
25,2021/06/05-13:49:52,-80541,34.16872245939993,44.753329955172376,104.84362225171567,105.0,99.90567974851926,100.0
26,2021/06/05-13:50:44,-80541,34.383482418468304,44.80693862347778,105.01308375421297,105.0,99.47181472653931,100.0
26,2021/06/05-13:50:48,-80542,34.49034947933717,45.02065238127727,104.80904770882232,105.0,99.54920593291062,100.0
26,2021/06/05-13:50:52,-80542,34.44289493909025,44.77120756692176,104.9602921664675,105.0,99.93227932867008,100.0
27,2021/06/05-13:51:44,-80542,34.71484979492203,44.97622332283481,105.24559358405998,105.0,99.44492826098802,100.0
27,2021/06/05-13:51:48,-80543,34.761923199296575,45.056159966077814,105.23778131432546,105.0,99.57154511879645,100.0
27,2021/06/05-13:51:52,-80544,34.77368130569255,45.10936208571667,105.21810179889846,105.0,99.95763755494448,100.0
28,2021/06/05-13:52:44,-80544,35.05465671613234,45.47102605548895,104.22720114831432,105.0,99.46634715380296,100.0
28,2021/06/05-13:52:48,-80545,35.05465671613234,45.321464300990954,104.23239980769304,105.0,99.55477479292738,100.0
28,2021/06/05-13:52:52,-80545,35.04299581988852,45.41830324352958,104.57041079273984,105.0,99.92313665978597,100.0
29,2021/06/05-13:53:44,-80545,35.40263563765859,45.56750509028075,105.28547853240028,105.0,99.4566928363009,100.0
29,2021/06/05-13:53:48,-80546,35.50633972215394,45.62878049749628,105.47164264925027,105.0,99.5465124078312,100.0
29,2021/06/05-13:53:52,-80546,35.43723870033557,45.602531035889285,105.17427222389747,105.0,99.91142544340262,100.0
30,2021/06/05-13:54:45,-80547,35.74709895886048,45.82075578584784,105.04174459553906,105.0,99.5170988902438,100.0
30,2021/06/05-13:54:48,-80547,35.74709895886048,45.68996276647624,105.22593961095853,105.0,99.53684821437614,100.0
30,2021/06/05-13:54:52,-80547,35.769940345467944,45.74233087259341,105.04143372030903,105.0,99.85645600078465,100.0
31,2021/06/05-13:55:45,-80548,35.974831450526324,46.201993620258406,105.6402419465685,105.0,99.50817969433149,100.0
31,2021/06/05-13:55:48,-80548,36.05418256876567,46.21923780600429,105.89537583370235,105.0,99.54135682089682,100.0
31,2021/06/05-13:55:52,-80549,35.986178537045475,46.10701962488059,105.61864146402809,105.0,99.83891368298859,100.0
32,2021/06/05-13:56:45,-80549,36.201065589674045,46.459893122473034,105.37355752522627,105.0,99.52292414790368,100.0
32,2021/06/05-13:56:49,-80550,36.26864733441835,46.36551926152458,105.15021388381946,105.0,99.4636925156015,100.0
32,2021/06/05-13:56:52,-80550,36.23487300131552,46.459893122473034,104.87635719586314,105.0,99.75257947169544,100.0
33,2021/06/05-13:57:45,-80550,36.448221793068456,46.176113624439665,105.79168208196884,105.0,99.53867857293844,100.0
33,2021/06/05-13:57:49,-80551,36.4258258970533,46.10701962488059,105.34279315123085,105.0,99.49425592804914,100.0
33,2021/06/05-13:57:53,-80553,36.50414825628019,46.46846176082988,104.9238344636595,105.0,99.757329715394,100.0
34,2021/06/05-13:58:45,-80552,36.70474009079447,47.03852016658783,105.19193305942301,105.0,99.53046265270787,100.0
34,2021/06/05-13:58:49,-80554,36.76025508978279,46.89462498384023,105.08814957629389,105.0,99.47024321147921,100.0
34,2021/06/05-13:58:53,-80553,36.726956726218475,46.89462498384023,105.26813627599961,105.0,99.7355199660758,100.0
35,2021/06/05-13:59:45,-80554,36.848895276613575,46.97086731351766,105.24021772756966,105.0,99.58752400078937,100.0
35,2021/06/05-13:59:49,-80556,36.926270852131665,46.97932998768039,104.87161345976283,105.0,99.51624414792364,100.0
35,2021/06/05-13:59:53,-80555,36.98143420355257,46.76723989839303,104.85383131847232,105.0,99.74141206381682,100.0
36,2021/06/05-14:00:45,-80556,37.146403427694736,46.96240290282577,104.76191028107398,105.0,99.56802634937898,100.0
36,2021/06/05-14:00:49,-80557,37.19026411466075,47.004707600833115,105.04380900224174,105.0,99.44211421651417,100.0
36,2021/06/05-14:00:53,-80557,37.17930409353784,46.98779092629826,104.918427686889,105.0,99.64215830036582,100.0
37,2021/06/05-14:01:45,-80557,37.29967616605211,47.32481652482306,104.71478627679062,105.0,99.54168907660093,100.0
37,2021/06/05-14:01:49,-80558,37.365159918048676,47.29123708115077,104.97076615713236,105.0,99.48334468429869,100.0
37,2021/06/05-14:01:53,-80559,37.419636567277564,47.26603465497226,105.10008279322918,105.0,99.76168496273421,100.0
38,2021/06/05-14:02:45,-80559,37.550037119845285,47.717358656516524,105.07853897964742,105.0,99.49714062009635,100.0
38,2021/06/05-14:02:49,-80559,37.550037119845285,47.542424220706266,105.21019541477621,105.0,99.43769974866504,100.0
38,2021/06/05-14:02:53,-80560,37.58256190160546,47.40027115659302,104.99719689085434,105.0,99.70979962420101,100.0
39,2021/06/05-14:03:45,-80560,37.70156328912009,47.80869968250414,105.07789516129411,105.0,99.60348816472764,100.0
39,2021/06/05-14:03:49,-80561,37.74473718934661,47.64247646159913,104.85146908159547,105.0,99.49031500191495,100.0
39,2021/06/05-14:03:53,-80561,37.70156328912009,47.684094241022876,104.78740031315303,105.0,99.67758202913089,100.0
40,2021/06/05-14:04:46,-80562,37.87394324328079,48.37717280929087,105.11535856033555,105.0,99.63891238407547,100.0
40,2021/06/05-14:04:49,-80563,37.841685968738204,48.3116541257549,104.9738109208791,105.0,99.44240092815392,100.0
40,2021/06/05-14:04:53,-80563,37.95981919721879,48.03206049844846,104.75294056328833,105.0,99.58446933981166,100.0
41,2021/06/05-14:05:46,-80563,38.10960327116527,48.43441863335403,105.26929451319833,105.0,99.65196297932816,100.0
41,2021/06/05-14:05:49,-80564,38.06687230811423,48.3116541257549,105.27790531547669,105.0,99.46759269213615,100.0
41,2021/06/05-14:05:53,-80564,38.10960327116527,48.180311416623454,104.91841880150008,105.0,99.59103161605964,100.0
42,2021/06/05-14:06:46,-80564,38.248125061097426,47.850152577671736,104.97241158074559,105.0,99.66726330496432,100.0
42,2021/06/05-14:06:50,-80565,38.21620635559492,48.07329366655398,104.95124300685501,105.0,99.44739969747819,100.0
42,2021/06/05-14:06:53,-80565,38.21620635559492,47.98252730020124,104.66706812637238,105.0,99.54692449950328,100.0
43,2021/06/05-14:07:46,-80565,38.35431455585916,48.81679891771137,105.04133317666779,105.0,99.7321086669113,100.0
43,2021/06/05-14:07:50,-80566,38.439038968437615,48.832994557316226,104.99604201679679,105.0,99.49208833287723,100.0
43,2021/06/05-14:07:54,-80566,38.38610979769021,48.57312345754457,105.34094575888908,105.0,99.58049537378098,100.0
44,2021/06/05-14:08:46,-80566,38.53411419213728,49.05909216065771,104.93529210225243,105.0,99.79305051701856,100.0
44,2021/06/05-14:08:50,-80568,38.55520771189691,48.84109007555048,104.78072843345902,105.0,99.49513503208321,100.0
44,2021/06/05-14:08:54,-80567,38.586824682158124,48.808698794696966,104.82105186954112,105.0,99.4689215236277,100.0
45,2021/06/05-14:09:46,-80567,38.723509785245085,48.328043307445796,104.7311206537788,105.0,99.91297486050134,100.0
45,2021/06/05-14:09:50,-80568,38.60788715004122,48.61383296868098,105.11154729168503,105.0,99.55647701578326,100.0
45,2021/06/05-14:09:54,-80568,38.60788715004122,48.84918406050065,105.04905083921032,105.0,99.50321487287799,100.0
46,2021/06/05-14:10:47,-80568,38.70251522182298,48.78438920292979,105.2922141744711,105.0,99.88054788199753,100.0
46,2021/06/05-14:10:50,-80569,38.775942482090954,48.61383296868098,104.99245164935913,105.0,99.53468898183668,100.0
46,2021/06/05-14:10:54,-80569,38.79689412434186,48.64637255527674,104.94640156169302,105.0,99.47575845358531,100.0
47,2021/06/05-14:11:47,-80569,38.859675792248595,49.067145054915954,105.05931331309843,105.0,99.9139107683997,100.0
47,2021/06/05-14:11:51,-80569,38.80736536108873,48.938116932344826,105.22614669064082,105.0,99.47379911888495,100.0
47,2021/06/05-14:11:56,-78850,38.859675792248595,48.832994557316226,105.49490799764548,105.0,99.53094155063141,100.0
48,2021/06/05-14:12:47,-80570,38.859675792248595,49.171695511160124,105.2060920737542,105.0,100.00189994050469,100.0
48,2021/06/05-14:12:51,-80570,38.859675792248595,49.1315138962899,105.3610700743752,105.0,99.60601376134993,100.0
48,2021/06/05-14:12:54,-80570,38.9327827019348,49.348050397508985,105.14039842959244,105.0,99.4785138500749,100.0
49,2021/06/05-14:13:47,-80570,39.057764291473006,48.873456823846254,105.79519787191917,105.0,100.01243206782833,100.0
49,2021/06/05-14:13:51,-80570,39.00574133610945,48.938116932344826,105.91267373698014,105.0,99.6211221266479,100.0
49,2021/06/05-14:13:54,-80570,38.96406879922273,49.10738688390319,105.87701681326267,105.0,99.45574693927769,100.0
50,2021/06/05-14:14:47,-80570,39.161585539008115,49.04298183725865,105.40626191188332,105.0,100.10769049381737,100.0
50,2021/06/05-14:14:51,-80572,39.18231399269382,49.05103775503994,105.25458264038828,105.0,99.71641807168795,100.0
50,2021/06/05-14:14:54,-80571,39.171951253309544,48.9623393131655,105.42846125948948,105.0,99.49215724317806,100.0
51,2021/06/05-14:15:47,-80572,39.28577824722879,49.267978558013056,105.07803053605704,105.0,100.15477231475204,100.0
51,2021/06/05-14:15:51,-80573,39.29610840669284,49.603287645514456,105.10297053075477,105.0,99.69717202346285,100.0
51,2021/06/05-14:15:54,-80573,39.21338438325563,49.643032949863596,105.23542796272486,105.0,99.47032009886014,100.0
52,2021/06/05-14:16:47,-80573,39.29610840669284,49.499779014653996,105.08648873104983,105.0,100.0398163784034,100.0
52,2021/06/05-14:16:51,-80573,39.28577824722879,49.45192222133505,105.32122147958722,105.0,99.65716242773028,100.0
52,2021/06/05-14:16:55,-80573,39.27544513683159,49.61123961959123,105.3501969822298,105.0,99.48806004289725,100.0
53,2021/06/05-14:17:47,-80573,39.28577824722879,50.18784610708758,104.62328314855887,105.0,100.10459669624426,100.0
53,2021/06/05-14:17:51,-80574,39.31675988148277,49.85703172052831,104.64527128004073,105.0,99.6636248304343,100.0
53,2021/06/05-14:17:55,-80574,39.30643561738964,49.59533421331048,104.50932212769126,105.0,99.46086929723221,100.0
54,2021/06/05-14:18:47,-80574,39.34771501573994,49.82539451940687,105.31299175635664,105.0,100.08380511589539,100.0
54,2021/06/05-14:18:51,-80574,39.29610840669284,49.975467264976146,105.24363659752031,105.0,99.65415779767015,100.0
54,2021/06/05-14:18:55,-80574,39.358027515006484,49.81748162849334,104.95908982110934,105.0,99.47826821311912,100.0
55,2021/06/05-14:19:47,-80574,39.26510907333278,49.62713919641175,105.1001242652395,105.0,100.05286280312909,100.0
55,2021/06/05-14:19:51,-80574,39.30643561738964,49.643032949863596,105.19772302687214,105.0,99.68605359392627,100.0
55,2021/06/05-14:19:55,-80574,39.30643561738964,49.66686267452786,104.9403589413882,105.0,99.49823547905653,100.0
56,2021/06/05-14:20:48,-80574,39.32708120113335,50.38358074269752,104.90773148456391,105.0,100.07932295103802,100.0
56,2021/06/05-14:20:51,-80575,39.34771501573994,50.36013852299948,104.92600128492104,105.0,99.65481634514825,100.0
56,2021/06/05-14:20:55,-80575,39.32708120113335,50.046374756995135,104.66343098692698,105.0,99.46199608155031,100.0
57,2021/06/05-14:21:48,-80575,39.27544513683159,49.99911587543744,105.45906596619295,105.0,100.02799914899556,100.0
57,2021/06/05-14:21:51,-80574,39.29610840669284,50.148594295598116,105.66265316856423,105.0,99.63549300751679,100.0
57,2021/06/05-14:21:55,-80574,39.37864370822433,49.85703172052831,105.49306084525325,105.0,99.44564168665354,100.0
58,2021/06/05-14:22:48,-80574,39.419840933498335,49.809567299833645,104.85538962874256,105.0,100.05506270320062,100.0
58,2021/06/05-14:22:52,-80575,39.40954601696791,49.682741896148514,104.79427879995121,105.0,99.64637851054732,100.0
58,2021/06/05-14:22:55,-80576,39.45070815386305,49.975467264976146,104.6323998521537,105.0,99.46690174326719,100.0
59,2021/06/05-14:23:48,-80576,39.512363904770666,49.84121599098228,105.82463389242191,105.0,100.0507177937983,100.0
59,2021/06/05-14:23:52,-80575,39.52262968749773,49.63508680067832,105.76905772726856,105.0,99.64646352216398,100.0
59,2021/06/05-14:23:55,-80575,39.512363904770666,49.57942297146843,105.3978573027195,105.0,99.49243722631712,100.0
60,2021/06/05-14:24:48,-80576,39.59440903671879,50.32886280168219,105.171064726719,105.0,100.01542704352623,100.0
60,2021/06/05-14:24:52,-80576,39.573915117635465,49.896545962099765,104.95535309473459,105.0,99.63527808839054,100.0
60,2021/06/05-14:24:55,-80576,39.56366382237917,50.36013852299948,104.65505709590676,105.0,99.47511633182415,100.0
61,2021/06/05-14:25:48,-80576,39.62512826824326,49.87284171400398,104.77043311377997,105.0,100.08379180071812,100.0
61,2021/06/05-14:25:52,-80577,39.6762694013114,49.84121599098228,104.6966924158101,105.0,99.66577933461788,100.0
61,2021/06/05-14:25:56,-80577,39.706919621188604,49.93602444607609,105.03826175830446,105.0,99.48381181097389,100.0
62,2021/06/05-14:26:48,-80577,39.6864890087752,49.943915860107666,105.30466269311442,105.0,100.04066012438372,100.0
62,2021/06/05-14:26:52,-80577,39.65582157348081,50.25057607421655,105.13030790604995,105.0,99.65454848045562,100.0
62,2021/06/05-14:26:56,-80578,39.69670574804246,50.422623410713186,104.9718854492953,105.0,99.46994305387886,100.0
63,2021/06/05-14:27:48,-80577,39.829263293915574,50.749226459863564,104.6582300247233,105.0,100.06311194272318,100.0
63,2021/06/05-14:27:52,-80578,39.84961405946126,50.391392044228496,104.54607744462338,105.0,99.647118389727,100.0
63,2021/06/05-14:27:56,-80578,39.829263293915574,50.65615701839812,104.90669409532478,105.0,99.49425135227722,100.0
64,2021/06/05-14:28:48,-80577,39.941052394329176,50.50060519627789,105.36477255226366,105.0,100.02724172766366,100.0
64,2021/06/05-14:28:52,-80578,39.88011894844652,50.609548882405704,105.33167381453553,105.0,99.62646847277296,100.0
64,2021/06/05-14:28:56,-80578,39.97148106072842,50.67944270468337,104.97070157590186,105.0,99.49727706486676,100.0
65,2021/06/05-14:29:48,-80579,39.951198097413226,50.725977406869845,104.55506368716571,105.0,99.95211816423681,100.0
65,2021/06/05-14:29:52,-80579,39.97148106072842,50.632859083855124,104.42585423844545,105.0,99.57246240262569,100.0
65,2021/06/05-14:29:56,-80578,39.96134098554029,50.41481764362459,104.41819880463419,105.0,99.48310823079056,100.0
66,2021/06/05-14:30:49,-80579,40.103046974993674,50.911629986864966,105.24287927453354,105.0,99.96677977904068,100.0
66,2021/06/05-14:30:52,-80578,40.13334134237317,50.64062642410397,105.27293734211545,105.0,99.59699092035702,100.0
66,2021/06/05-14:30:56,-80579,40.103046974993674,50.83436897169537,105.00593786149288,105.0,99.49984137215232,100.0
67,2021/06/05-14:31:49,-80579,40.163610699082994,50.842101115357195,104.76423510885753,105.0,100.00818765085626,100.0
67,2021/06/05-14:31:52,-80579,40.173694935958906,50.90390991938159,105.09564068127831,105.0,99.64692576246233,100.0
67,2021/06/05-14:31:56,-80579,40.09294328535486,50.911629986864966,104.98430667163709,105.0,99.47702434070031,100.0
68,2021/06/05-14:32:49,-80579,40.15352368917718,50.594001923930364,104.51125130039907,105.0,100.05864557927585,100.0
68,2021/06/05-14:32:53,-80579,40.15352368917718,50.68720188149405,105.07730748960303,105.0,99.63621217313026,100.0
68,2021/06/05-14:32:56,-80579,40.183776401778175,50.51618503312994,105.26580202330256,105.0,99.45823722229626,100.0
69,2021/06/05-14:33:49,-80579,40.183776401778175,51.09651162201362,105.05385469590483,105.0,100.04310828908926,100.0
69,2021/06/05-14:33:53,-80580,40.19385509851173,50.950210261402674,104.99068313343619,105.0,99.66702610227235,100.0
69,2021/06/05-14:33:57,-80580,40.19385509851173,51.127250925328156,105.1733303255228,105.0,99.51365159603054,100.0
70,2021/06/05-14:34:49,-80579,40.35473925086262,50.477225128114526,104.83297867681824,105.0,99.95288840052237,100.0
70,2021/06/05-14:34:53,-78860,40.384826816373845,50.34450344019103,104.8647319577377,105.0,99.59063861382397,100.0
70,2021/06/05-14:34:57,-80580,40.34470459314275,50.44603242372716,104.8713353569056,105.0,99.49395049107962,100.0
71,2021/06/05-14:35:49,-80580,40.40487153965239,50.85756136984753,105.71279799717766,105.0,99.97577403439354,100.0
71,2021/06/05-14:35:53,-80580,40.49493806681818,51.00416659191217,105.80187476562865,105.0,99.59159584944123,100.0
71,2021/06/05-14:35:57,-80580,40.46494034099118,50.965633021087456,105.58241727612884,105.0,99.46448860732478,100.0
72,2021/06/05-14:36:49,-80580,40.44492828659742,51.39532372094379,104.93162272362945,105.0,100.05188868060064,100.0
72,2021/06/05-14:36:53,-80581,40.49493806681818,51.41059391582769,104.69839175335139,105.0,99.66674101890816,100.0
72,2021/06/05-14:36:57,-80581,40.50493188819621,51.3035934275847,104.77200104884449,105.0,99.47221748120884,100.0
73,2021/06/05-14:37:49,-80581,40.50493188819621,50.82663548285166,104.75573052296765,105.0,100.13242065506749,100.0
73,2021/06/05-14:37:53,-80582,40.50493188819621,51.05036298180465,104.87948593387897,105.0,99.72141091621965,100.0
73,2021/06/05-14:37:57,-80581,40.514923002469345,50.92706610723758,104.98898916376523,105.0,99.53627567454585,100.0
74,2021/06/05-14:38:49,-80581,40.59475468885296,51.563011664696035,104.30220910640924,105.0,100.19178255700191,100.0
74,2021/06/05-14:38:53,-80583,40.65451541849234,51.82094682044317,104.25554950308963,105.0,99.75800166922176,100.0
74,2021/06/05-14:38:57,-80583,40.63460591036517,51.699748738129756,104.54896707344366,105.0,99.51439028640532,100.0
75,2021/06/05-14:39:50,-80582,40.76382658243955,51.03496949778736,105.29052662776353,105.0,100.1578727480319,100.0
75,2021/06/05-14:39:53,-80582,40.734046450056894,51.34948198896899,105.54624268653782,105.0,99.75040531799043,100.0
75,2021/06/05-14:39:57,-80582,40.81340699580926,50.99646254117181,105.5114390834429,105.0,99.48623054198035,100.0
76,2021/06/05-14:40:50,-80582,40.803496218561065,50.85756136984753,104.94988905334779,105.0,100.15970150308729,100.0
76,2021/06/05-14:40:53,-80583,40.793582790447374,50.95792230844023,105.18143058202206,105.0,99.71358224655265,100.0
76,2021/06/05-14:40:57,-80583,40.81340699580926,51.31889482660421,105.20658901112697,105.0,99.48533934004448,100.0
77,2021/06/05-14:41:50,-80582,40.8431234407949,51.39532372094379,104.25316190132914,105.0,100.13291364619494,100.0
77,2021/06/05-14:41:53,-80584,40.88270836700116,51.311244779120955,104.47074267058233,105.0,99.70940664917062,100.0
77,2021/06/05-14:41:57,-80583,40.88270836700116,50.873016251742115,104.35468593663768,105.0,99.50340833091332,100.0
78,2021/06/05-14:42:50,-80583,40.96175180032736,51.836073819519925,105.45062505417611,105.0,100.1407439817195,100.0
78,2021/06/05-14:42:54,-80583,41.011068685463215,51.881424587330685,105.4651084959269,105.0,99.74608413348625,100.0
78,2021/06/05-14:42:57,-80583,40.96175180032736,51.851195777070075,105.60331985162047,105.0,99.51058338180022,100.0
79,2021/06/05-14:43:50,-80583,41.070162753780096,51.3418371512181,105.46364630564231,105.0,100.13220690708718,100.0
79,2021/06/05-14:43:54,-80583,41.13898748161097,51.31889482660421,105.11250147374494,105.0,99.71425116791805,100.0
79,2021/06/05-14:43:58,-80583,41.02092421766275,51.36476776267017,105.06344274359891,105.0,99.5162248946689,100.0
80,2021/06/05-14:44:50,-80583,41.03077713913501,51.59343347253582,105.36297531245367,105.0,100.12614524824733,100.0
80,2021/06/05-14:44:54,-80583,41.02092421766275,51.418227069458396,105.30613705781037,105.0,99.70326787515208,100.0
80,2021/06/05-14:44:58,-80583,41.00121054073179,51.22700804632967,105.2483407066918,105.0,99.5189738733477,100.0
81,2021/06/05-14:45:50,-80583,41.1095067406805,51.35712552590434,105.31908749595308,105.0,100.05836634700401,100.0
81,2021/06/05-14:45:54,-80584,41.1095067406805,51.41059391582769,104.86896973721198,105.0,99.68597098986172,100.0
81,2021/06/05-14:45:58,-80584,41.080002648621246,51.623834794470326,104.8365361031101,105.0,99.49926658504396,100.0
82,2021/06/05-14:46:50,-80585,41.19787910264438,52.00967318696803,105.45571911260488,105.0,100.15993277964851,100.0
82,2021/06/05-14:46:54,-80584,41.13898748161097,51.92673011446806,105.38286667928378,105.0,99.75385197046778,100.0
82,2021/06/05-14:46:58,-80584,41.2076853375151,51.858754866815616,105.02582532507093,105.0,99.53879032568354,100.0
83,2021/06/05-14:47:50,-80585,41.37399851861733,51.35712552590434,105.4964723888175,105.0,100.16581351072007,100.0
83,2021/06/05-14:47:54,-80584,41.33493254470392,51.34948198896899,105.55579273464161,105.0,99.76611851873471,100.0
83,2021/06/05-14:47:58,-80584,41.38375864029547,51.425858928071534,105.61891720005397,105.0,99.49635144985474,100.0
84,2021/06/05-14:48:50,-80584,41.33493254470392,51.851195777070075,104.24348700823977,105.0,100.19287048220109,100.0
84,2021/06/05-14:48:54,-80585,41.44226598095679,51.84363542817715,104.14516206587419,105.0,99.76209112944292,100.0
84,2021/06/05-14:48:58,-80585,41.393516216731086,51.51734045326748,104.58003370435016,105.0,99.52016433743192,100.0
85,2021/06/05-14:49:51,-80585,41.44226598095679,51.6162363823305,104.70412224267399,105.0,100.1441612937074,100.0
85,2021/06/05-14:49:54,-80585,41.413023740815504,51.68457614199656,104.57720768696369,105.0,99.72254076782889,100.0
85,2021/06/05-14:49:58,-80585,41.45200832232388,51.86631269803024,104.35708374831513,105.0,99.5028289345814,100.0
86,2021/06/05-14:50:51,-80585,41.432521104734576,52.14507330017665,105.80261229316457,105.0,100.20539832851449,100.0
86,2021/06/05-14:50:54,-80583,41.432521104734576,52.15258375976168,106.0119241395039,105.0,99.822200264482,100.0
86,2021/06/05-14:50:58,-80584,41.44226598095679,51.60103572199404,105.92718751332731,105.0,99.52624177503067,100.0
87,2021/06/05-14:51:51,-80584,41.47148540739124,51.888978646647104,104.5477355993499,105.0,100.29415653736801,100.0
87,2021/06/05-14:51:55,-80586,41.45200832232388,51.95690873099761,104.45853721220027,105.0,99.86439738038563,100.0
87,2021/06/05-14:51:58,-80585,41.50068206664872,51.873869271330136,104.68708497345354,105.0,99.56970680718618,100.0
88,2021/06/05-14:52:51,-80586,41.4812201545364,51.38768667840441,105.19238279496884,105.0,100.33680067770021,100.0
88,2021/06/05-14:52:55,-80585,41.52985600511744,51.35712552590434,105.33258337561746,105.0,99.89810119554865,100.0
88,2021/06/05-14:52:59,-80585,41.4909523737162,51.66180770007736,105.35788017022503,105.0,99.55142895674253,100.0
89,2021/06/05-14:53:51,-80585,41.510409235050304,51.81338142878752,105.43020320452518,105.0,100.26998192665165,100.0
89,2021/06/05-14:53:55,-80585,41.568719326206065,52.17510773197239,105.62525766136038,105.0,99.83498493855528,100.0
89,2021/06/05-14:53:59,-80586,41.520133880635626,52.04732468312676,105.47658562251611,105.0,99.57002394027137,100.0
90,2021/06/05-14:54:51,-80585,41.46174813056092,52.28756145666148,104.87817074155257,105.0,100.26793471052801,100.0
90,2021/06/05-14:54:55,-80586,41.45200832232388,52.33994548394145,104.49382032689023,105.0,99.85822125827448,100.0
90,2021/06/05-14:54:59,-80586,41.4909523737162,51.873869271330136,104.53806602589471,105.0,99.55313543064041,100.0
91,2021/06/05-14:55:51,-80586,41.4909523737162,52.317502518115134,105.78923033206789,105.0,100.26717146458512,100.0
91,2021/06/05-14:55:55,-80584,41.45200832232388,51.722498097128096,105.88999762864536,105.0,99.84738573186273,100.0
91,2021/06/05-14:55:59,-80585,41.46174813056092,51.971990533479925,105.75837168183564,105.0,99.56881193325148,100.0
92,2021/06/05-14:56:51,-80585,41.510409235050304,52.26509280961085,105.48787375162796,105.0,100.236591490031,100.0
92,2021/06/05-14:56:55,-80585,41.50068206664872,51.84363542817715,105.73846562262635,105.0,99.83321365178004,100.0
92,2021/06/05-14:56:59,-80585,41.54929269761328,51.69216307616023,105.65164381634858,105.0,99.53004502191244,100.0
93,2021/06/05-14:57:51,-80585,41.568719326206065,52.317502518115134,104.57004585112891,105.0,100.24616095958362,100.0
93,2021/06/05-14:57:55,-80585,41.50068206664872,52.317502518115134,104.7801402071088,105.0,99.83373616570503,100.0
93,2021/06/05-14:57:59,-80586,41.55900726904434,52.26509280961085,104.72689738603471,105.0,99.5340915631004,100.0
94,2021/06/05-14:58:51,-80586,41.568719326206065,52.09246545758123,106.20746590912636,105.0,100.26099268276585,100.0
94,2021/06/05-14:58:55,-80585,41.54929269761328,52.29504855669251,106.15414627103286,105.0,99.83576704224986,100.0
94,2021/06/05-14:58:59,-80585,41.47148540739124,52.002139151287736,106.27805179754873,105.0,99.55064879374147,100.0
95,2021/06/05-14:59:52,-80585,41.47148540739124,52.556330448469,105.35204616897212,105.0,100.28455351476325,100.0
95,2021/06/05-14:59:55,-80585,41.539575610206896,52.5265447179699,105.49736140215758,105.0,99.88438415438397,100.0
95,2021/06/05-14:59:59,-80585,41.4909523737162,52.578657112352744,105.4349367431134,105.0,99.55537397881973,100.0
96,2021/06/05-15:00:52,-80585,41.50068206664872,52.317502518115134,105.14492794161117,105.0,100.30506840105554,100.0
96,2021/06/05-15:00:55,-80585,41.4909523737162,51.971990533479925,105.06050334131245,105.0,99.86899332669847,100.0
96,2021/06/05-15:00:59,-80585,41.4909523737162,52.32498472766969,105.20253386413067,105.0,99.55109131681517,100.0
97,2021/06/05-15:01:52,-80585,41.432521104734576,52.578657112352744,104.92243778962782,105.0,100.33483027289333,100.0
97,2021/06/05-15:01:56,-80584,41.45200832232388,52.496739701738136,105.06640115519667,105.0,99.93958211686532,100.0
97,2021/06/05-15:01:59,-80586,41.44226598095679,52.31001908682805,104.86597513644121,105.0,99.59612971943432,100.0
98,2021/06/05-15:02:52,-80586,41.44226598095679,51.608636691715276,105.0358419719376,105.0,100.34333567993109,100.0
98,2021/06/05-15:02:56,-80586,41.46174813056092,51.71491624798864,104.80499410941798,105.0,99.9227296337805,100.0
98,2021/06/05-15:02:59,-80586,41.44226598095679,51.66939845458188,104.42450790268126,105.0,99.57973356647554,100.0
99,2021/06/05-15:03:52,-80587,41.413023740815504,52.99345359672799,104.71290849561997,105.0,100.27208464116087,100.0
99,2021/06/05-15:03:56,-80586,41.520133880635626,52.61584420023297,104.70056390342631,105.0,99.83045048658333,100.0
99,2021/06/05-15:03:59,-80586,41.47148540739124,52.50419276586172,104.7556661966274,105.0,99.5445695977138,100.0
100,2021/06/05-15:04:52,-80586,41.52985600511744,51.836073819519925,104.99074504667978,105.0,100.2758837369926,100.0
100,2021/06/05-15:04:56,-80586,41.539575610206896,51.94182192628978,104.83799089253199,105.0,99.86791903309386,100.0
100,2021/06/05-15:05:00,-80586,41.54929269761328,52.03226781868426,104.70129389005149,105.0,99.55969097031445,100.0
101,2021/06/05-15:05:52,-80586,41.60754244621654,52.14507330017665,104.89138293053064,105.0,100.2558499678784,100.0
101,2021/06/05-15:05:56,-80586,41.62693896483245,52.302534433217545,104.98989532722481,105.0,99.83095976328943,100.0
101,2021/06/05-15:06:00,-80587,41.61724195755954,52.563773872038155,104.84808094406087,105.0,99.55176199063511,100.0
102,2021/06/05-15:06:52,-80587,41.69474804385072,52.03979687283811,104.56653575423674,105.0,100.24492604005533,100.0
102,2021/06/05-15:06:56,-80588,41.70442507939907,51.82094682044317,104.66605912825844,105.0,99.8261116661274,100.0
102,2021/06/05-15:07:00,-80587,41.72377168551458,51.64662236633649,105.13639531778239,105.0,99.5658132691037,100.0
103,2021/06/05-15:07:53,-80587,41.74310834950376,52.317502518115134,105.00893683125688,105.0,100.23188824828816,100.0
103,2021/06/05-15:07:56,-80587,41.75277295738795,52.272583583713185,104.98759243333586,105.0,99.83682282537659,100.0
103,2021/06/05-15:08:00,-80588,41.71409962606083,52.317502518115134,104.74276962681323,105.0,99.54048509405887,100.0
104,2021/06/05-15:08:53,-80587,41.75277295738795,51.69216307616023,104.80346886694421,105.0,100.20452215671574,100.0
104,2021/06/05-15:08:57,-80588,41.74310834950376,51.888978646647104,105.02941097849607,105.0,99.76818142988621,100.0
104,2021/06/05-15:09:00,-80588,41.73344125943714,52.317502518115134,105.03262490350279,105.0,99.51306813214242,100.0
105,2021/06/05-15:09:53,-80588,41.772094733294466,51.57061903942173,104.93887278320697,105.0,100.23323639819067,100.0
105,2021/06/05-15:09:56,-80587,41.801058822526784,51.70733312853076,105.12611084665907,105.0,99.85246563613862,100.0
105,2021/06/05-15:10:00,-80587,41.74310834950376,51.86631269803024,105.18469775690248,105.0,99.55856593968198,100.0
106,2021/06/05-15:10:53,-80586,41.801058822526784,52.317502518115134,104.84954865482742,105.0,100.30118746421165,100.0
106,2021/06/05-15:10:57,-80588,41.801058822526784,52.08494509777813,104.83015132024515,105.0,99.85709956463326,100.0
106,2021/06/05-15:11:00,-80588,41.75277295738795,52.00967318696803,104.69873078162544,105.0,99.54890465015121,100.0
107,2021/06/05-15:11:53,-80588,41.79140660051121,52.87531890633443,105.35464663231454,105.0,100.2747785654322,100.0
107,2021/06/05-15:11:57,-80587,41.849282883164165,52.39226973295479,105.23275073316648,105.0,99.84246227353512,100.0
107,2021/06/05-15:12:01,-80588,41.849282883164165,52.317502518115134,104.79570070781733,105.0,99.54057718595317,100.0
108,2021/06/05-15:12:53,-78868,41.97437768040527,52.33994548394145,105.03022604140155,105.0,100.28805314551543,100.0
108,2021/06/05-15:12:57,-80588,41.86855524863,52.48182994987684,104.98879539160927,105.0,99.89305590204302,100.0
108,2021/06/05-15:13:01,-80588,41.85892029701262,52.377326035570206,104.75508628045856,105.0,99.55324518454941,100.0
109,2021/06/05-15:13:53,-80588,41.887817771777065,52.78652001314907,105.74492339466713,105.0,100.3069135777176,100.0
109,2021/06/05-15:13:57,-80587,41.926313343866866,52.496739701738136,105.63322340264756,105.0,99.85592526073198,100.0
109,2021/06/05-15:14:01,-80587,41.97437768040527,52.28007313253249,105.65748913914476,105.0,99.55674843941286,100.0
110,2021/06/05-15:14:53,-80587,41.983983213618785,53.00082704924216,104.9789531243697,105.0,100.3376515172329,100.0
110,2021/06/05-15:14:57,-80587,41.86855524863,52.91965464934583,105.33921313326803,105.0,99.90888663997076,100.0
110,2021/06/05-15:15:01,-80587,41.887817771777065,52.793926426771975,105.37242361258808,105.0,99.58327447445772,100.0
111,2021/06/05-15:15:53,-80587,41.878187739668135,52.88271113999542,104.39294118853478,105.0,100.35943498024382,100.0
111,2021/06/05-15:15:57,-80588,41.887817771777065,52.556330448469,104.6461500290963,105.0,99.98543939000912,100.0
111,2021/06/05-15:16:01,-80588,41.90707046579996,52.44453440533442,104.65782171757415,105.0,99.61503336006072,100.0
112,2021/06/05-15:16:53,-80588,41.839643005431185,52.451995935416505,104.58484462928077,105.0,100.42515409224195,100.0
112,2021/06/05-15:16:57,-80588,41.89744534660542,52.354901360360884,104.40351917082563,105.0,99.9958631310833,100.0
112,2021/06/05-15:17:01,-80588,41.93593110602461,52.46691536265496,104.62789428763575,105.0,99.64151926163245,100.0
113,2021/06/05-15:17:53,-80588,41.983983213618785,52.46691536265496,104.98404916208105,105.0,100.37745186272238,100.0
113,2021/06/05-15:17:57,-80588,41.90707046579996,52.317502518115134,105.07492419337372,105.0,99.99784280394404,100.0
113,2021/06/05-15:18:01,-80588,41.94554641911958,52.317502518115134,105.09369301761274,105.0,99.63170871102139,100.0
114,2021/06/05-15:18:54,-80588,41.94554641911958,52.563773872038155,104.54945650953928,105.0,100.38624466628845,100.0
114,2021/06/05-15:18:57,-80589,42.02238095390891,52.23511744850089,104.6085689988847,105.0,99.96652805394574,100.0
114,2021/06/05-15:19:01,-80589,41.93593110602461,52.36237747009841,104.42157964434513,105.0,99.6185856433921,100.0
115,2021/06/05-15:19:54,-80588,41.97437768040527,52.317502518115134,105.2547598220606,105.0,100.34209500014117,100.0
115,2021/06/05-15:19:57,-80588,41.983983213618785,52.533992957184466,104.96204308627169,105.0,99.90093318249488,100.0
115,2021/06/05-15:20:01,-80588,42.02238095390891,52.42214254223444,105.13563513414734,105.0,99.56845900731287,100.0
116,2021/06/05-15:20:54,-80588,42.00318695901808,52.5265447179699,105.35574176223908,105.0,100.25998691546292,100.0
116,2021/06/05-15:20:58,-80588,41.99358630594617,52.571216093140436,105.25021829591442,105.0,99.86687359686513,100.0
116,2021/06/05-15:21:01,-80588,42.041565211302554,52.496739701738136,104.97418650381071,105.0,99.55333873574656,100.0
117,2021/06/05-15:21:54,-80589,42.07990456551465,52.80133165563183,104.93200580192195,105.0,100.33497982837935,100.0
117,2021/06/05-15:21:58,-80589,42.02238095390891,52.779112414197755,104.85531231194551,105.0,99.87721641195297,100.0
117,2021/06/05-15:22:01,-80589,42.051153692496996,52.571216093140436,104.74123398720506,105.0,99.54080783273234,100.0
118,2021/06/05-15:22:54,-80589,42.07990456551465,52.793926426771975,104.55905850105283,105.0,100.25644442240126,100.0
118,2021/06/05-15:22:58,-80589,42.070323367984656,52.317502518115134,104.79445076983764,105.0,99.85086000016334,100.0
118,2021/06/05-15:23:02,-80589,42.060739744184616,52.3324657160818,104.83303789665119,105.0,99.5520123977587,100.0
119,2021/06/05-15:23:54,-80589,42.11820512522843,52.912268300137384,105.63623474053911,105.0,100.27762936743429,100.0
119,2021/06/05-15:23:58,-80588,42.11820512522843,52.42960770932734,105.80030986401785,105.0,99.85076479903071,100.0
119,2021/06/05-15:24:02,-80588,42.12777421561498,52.317502518115134,105.81220613935473,105.0,99.57060490080796,100.0
120,2021/06/05-15:24:54,-80588,42.13734088940299,52.667855804972305,104.5652299300919,105.0,100.2894422195275,100.0
120,2021/06/05-15:24:58,-80590,42.11820512522843,52.87531890633443,104.64399476407937,105.0,99.86853227347632,100.0
120,2021/06/05-15:25:02,-80590,42.1660264272312,52.823540239279,104.41731233923804,105.0,99.57806781899566,100.0
121,2021/06/05-15:25:54,-80590,42.10863361663547,53.265497006033,104.86358007441055,105.0,100.28750534767052,100.0
121,2021/06/05-15:25:58,-80589,42.12777421561498,53.36070486137186,105.00452450124317,105.0,99.8867914637934,100.0
121,2021/06/05-15:26:02,-80590,42.13734088940299,53.30213833466274,104.86774394619749,105.0,99.54646790630545,100.0
122,2021/06/05-15:26:54,-80590,42.146905148198755,52.22762053907718,105.35850815546374,105.0,100.31705367413832,100.0
122,2021/06/05-15:26:58,-80589,42.185138065531135,52.451995935416505,105.28239035744464,105.0,99.89406309190261,100.0
122,2021/06/05-15:27:02,-80589,42.185138065531135,52.3324657160818,105.5474106856461,105.0,99.58329514933182,100.0
123,2021/06/05-15:27:55,-80589,42.23287506697096,52.578657112352744,105.35211615333138,105.0,100.30758037033482,100.0
123,2021/06/05-15:27:58,-80589,42.25195306328959,52.302534433217545,105.28454349337187,105.0,99.93128960746614,100.0
123,2021/06/05-15:28:02,-80589,42.23287506697096,52.09998457775032,105.37623826791297,105.0,99.61551826711091,100.0
124,2021/06/05-15:28:55,-80590,42.261488466895514,52.556330448469,104.94465111206031,105.0,100.29380540120641,100.0
124,2021/06/05-15:28:58,-80589,42.29960615461374,52.5265447179699,104.92160742318391,105.0,99.84895855070499,100.0
124,2021/06/05-15:29:02,-80590,42.29960615461374,52.46691536265496,105.1642594255368,105.0,99.55294206582549,100.0
125,2021/06/05-15:29:55,-80590,42.31865066459051,52.712390590402094,105.19044024476209,105.0,100.28652601231077,100.0
125,2021/06/05-15:29:59,-80591,42.328169341632645,52.80133165563183,105.33029011331361,105.0,99.85671571600797,100.0
125,2021/06/05-15:30:02,-80589,42.347199547698835,52.578657112352744,105.27059424508566,105.0,99.56367213410924,100.0
126,2021/06/05-15:30:55,-80590,42.347199547698835,52.39226973295479,105.27593917389495,105.0,100.2445341115263,100.0
126,2021/06/05-15:30:59,-80590,42.31865066459051,52.556330448469,105.37098555617212,105.0,99.8545450135441,100.0
126,2021/06/05-15:31:03,-80590,42.2900803185247,52.83834004824013,105.50186672788588,105.0,99.52607161936605,100.0
127,2021/06/05-15:31:55,-80590,42.36622023355551,53.51409484642744,104.19002064132684,105.0,100.35598626759695,100.0
127,2021/06/05-15:31:59,-80591,42.423225295302245,53.05240851327983,104.43940185684883,105.0,99.93205623204489,100.0
127,2021/06/05-15:32:03,-80591,42.413730379616595,52.793926426771975,104.95058161233612,105.0,99.59901027831809,100.0
128,2021/06/05-15:32:55,-80591,42.347199547698835,52.593535547413694,105.26935106227296,105.0,100.3422900491129,100.0
128,2021/06/05-15:32:59,-80590,42.40423309483839,52.91965464934583,105.1131839526781,105.0,99.93520839760075,100.0
128,2021/06/05-15:33:03,-80590,42.375727010329854,52.764293658046995,105.19858558228665,105.0,99.58179367332713,100.0
129,2021/06/05-15:33:55,-80591,42.356711079868035,52.823540239279,104.58646966905222,105.0,100.32511047467439,100.0
129,2021/06/05-15:33:59,-80591,42.33768563547761,52.80133165563183,104.96487031357437,105.0,99.93528072415111,100.0
129,2021/06/05-15:34:03,-80590,42.375727010329854,52.67528125194195,105.4051311445177,105.0,99.60759516600973,100.0
130,2021/06/05-15:34:55,-80590,42.375727010329854,53.41189058824483,104.9982227095911,105.0,100.36771459893784,100.0
130,2021/06/05-15:34:59,-80590,42.413730379616595,53.48491631716735,105.08276346347195,105.0,99.93742793582143,100.0
130,2021/06/05-15:35:04,-80591,42.375727010329854,53.265497006033,104.9748695867555,105.0,99.52001916818544,100.0
131,2021/06/05-15:35:55,-78870,42.375727010329854,52.912268300137384,104.52510946446559,105.0,100.33446165493321,100.0
131,2021/06/05-15:35:59,-80591,42.356711079868035,53.00819933266456,104.84070861489394,105.0,99.93110618768132,100.0
131,2021/06/05-15:36:03,-80590,42.328169341632645,52.904880775157494,105.36284135703048,105.0,99.57545043233732,100.0
132,2021/06/05-15:36:55,-80590,42.375727010329854,53.03030917392107,105.22044652530923,105.0,100.26774534036649,100.0
132,2021/06/05-15:36:59,-80590,42.347199547698835,53.03767678651451,105.21447758814705,105.0,99.88071500330761,100.0
132,2021/06/05-15:37:03,-80590,42.29960615461374,53.00082704924216,105.21098714628953,105.0,99.53681461769095,100.0
133,2021/06/05-15:37:56,-80591,42.30912960277641,52.556330448469,104.73736093400348,105.0,100.21804462732776,100.0
133,2021/06/05-15:38:00,-78870,42.29960615461374,52.6604291635777,104.3283315197421,105.0,99.78382393392762,100.0
133,2021/06/05-15:38:04,-80591,42.356711079868035,53.00819933266456,104.16802699327097,105.0,99.5320879975331,100.0
134,2021/06/05-15:38:56,-80591,42.347199547698835,53.265497006033,105.0633975433675,105.0,100.33503502600126,100.0
134,2021/06/05-15:38:59,-80590,42.347199547698835,53.265497006033,104.9149065130269,105.0,99.94123615603144,100.0
134,2021/06/05-15:39:03,-80591,42.43271784345461,52.704971106993526,104.72207238964226,105.0,99.59701670804719,100.0
135,2021/06/05-15:39:56,-80591,42.375727010329854,52.845738180369494,105.42399287177086,105.0,100.34026401408799,100.0
135,2021/06/05-15:40:00,-80590,42.375727010329854,52.80133165563183,105.4082817089168,105.0,99.90491346443532,100.0
135,2021/06/05-15:40:03,-80591,42.31865066459051,52.830940734730916,105.15815340298795,105.0,99.58064190996681,100.0
136,2021/06/05-15:40:56,-80590,42.375727010329854,52.86053090273879,105.30894997998237,105.0,100.2419864526923,100.0
136,2021/06/05-15:41:00,-80590,42.40423309483839,52.949188299632965,105.37105903849086,105.0,99.82480212116099,100.0
136,2021/06/05-15:41:04,-80590,42.39473343940642,52.80133165563183,105.27590876877129,105.0,99.5258973569404,100.0
137,2021/06/05-15:41:56,-80589,42.36622023355551,53.074497365653485,105.36838462963622,105.0,100.21567717274063,100.0
137,2021/06/05-15:42:00,-80590,42.36622023355551,53.09657574592427,105.63445239111135,105.0,99.77836722103167,100.0
137,2021/06/05-15:42:04,-80589,42.385231411758355,53.265497006033,105.56587534018745,105.0,99.52306978709139,100.0
138,2021/06/05-15:42:56,-80590,42.385231411758355,52.548885821855606,105.01454150519136,105.0,100.19593469797022,100.0
138,2021/06/05-15:43:00,-80590,42.423225295302245,52.593535547413694,105.69103411787479,105.0,99.7933391205543,100.0
138,2021/06/05-15:43:04,-80589,42.385231411758355,52.571216093140436,105.98291542104249,105.0,99.53065890226674,100.0
139,2021/06/05-15:43:57,-80589,42.39473343940642,52.779112414197755,104.48231995002268,105.0,100.16302772160033,100.0
139,2021/06/05-15:44:00,-80591,42.385231411758355,52.779112414197755,104.65402701395108,105.0,99.74362982745016,100.0
139,2021/06/05-15:44:04,-80591,42.356711079868035,52.556330448469,104.54058400002792,105.0,99.52917985299455,100.0
140,2021/06/05-15:44:57,-80591,42.33768563547761,53.265497006033,104.69981679164154,105.0,100.14250411886826,100.0
140,2021/06/05-15:45:00,-80591,42.356711079868035,53.16274820249083,104.54970987916847,105.0,99.75711682855804,100.0
140,2021/06/05-15:45:04,-80591,42.347199547698835,53.51409484642744,104.97498127831552,105.0,99.52170601608957,100.0
141,2021/06/05-15:45:57,-80590,42.347199547698835,53.03030917392107,105.06273872413496,105.0,100.13471645308604,100.0
141,2021/06/05-15:46:00,-80591,42.413730379616595,52.793926426771975,104.96589935140892,105.0,99.75230982515235,100.0
141,2021/06/05-15:46:04,-80590,42.356711079868035,52.32498472766969,104.98874113509405,105.0,99.4936743069738,100.0
142,2021/06/05-15:46:57,-80591,42.21378747458624,53.25083243273906,105.35363885208724,105.0,100.19489872915986,100.0
142,2021/06/05-15:47:01,-80590,42.2233324710819,53.01557044754941,105.39420143435747,105.0,99.76738827448963,100.0
142,2021/06/05-15:47:04,-80590,42.28055209292961,52.971326219087075,105.23031954360478,105.0,99.51521757838414,100.0
143,2021/06/05-15:47:57,-80590,42.185138065531135,52.36985236163889,104.4291817898294,105.0,100.1919874664468,100.0
143,2021/06/05-15:48:01,-80590,42.25195306328959,52.44453440533442,104.33222624275547,105.0,99.79260129537333,100.0
143,2021/06/05-15:48:04,-80590,42.13734088940299,52.80873570029337,104.57590968107877,105.0,99.51342078227529,100.0
144,2021/06/05-15:48:57,-80590,42.1660264272312,52.593535547413694,105.41080889948184,105.0,100.22512425990764,100.0
144,2021/06/05-15:49:01,-80589,42.12777421561498,52.734641896891446,105.22586439880695,105.0,99.79998204524179,100.0
144,2021/06/05-15:49:05,-80589,42.12777421561498,52.667855804972305,105.27952496218789,105.0,99.53483322287764,100.0
145,2021/06/05-15:49:57,-80589,42.060739744184616,52.97870318220561,104.81957469880403,105.0,100.15515565600961,100.0
145,2021/06/05-15:50:01,-80589,42.070323367984656,53.31678683561586,105.07526800367577,105.0,99.75420795834836,100.0
145,2021/06/05-15:50:05,-80588,42.070323367984656,53.28015698182617,105.2585297075376,105.0,99.4956274112755,100.0
146,2021/06/05-15:50:57,-80589,42.02238095390891,52.556330448469,105.08136229708192,105.0,100.22864603892394,100.0
146,2021/06/05-15:51:01,-80588,42.02238095390891,52.34742403183816,104.82087897686947,105.0,99.83591277408502,100.0
146,2021/06/05-15:51:05,-80588,42.041565211302554,52.36985236163889,105.11854210746911,105.0,99.52743315475027,100.0
147,2021/06/05-15:51:57,-80588,42.060739744184616,53.25816529434417,105.23093522308517,105.0,100.29669682349464,100.0
147,2021/06/05-15:52:01,-80588,42.00318695901808,52.963948084656295,105.0717244667474,105.0,99.86473334942355,100.0
147,2021/06/05-15:52:05,-80588,41.983983213618785,52.830940734730916,105.09153541818341,105.0,99.5768575571822,100.0
148,2021/06/05-15:52:58,-80588,41.96476970467364,52.86792549410251,105.15960614748502,105.0,100.18222988730588,100.0
148,2021/06/05-15:53:02,-80588,41.94554641911958,52.764293658046995,104.88114999379928,105.0,99.7831854962686,100.0
148,2021/06/05-15:53:05,-80588,41.94554641911958,52.51164462288813,104.95173244026907,105.0,99.53167054037412,100.0
149,2021/06/05-15:53:58,-80588,41.9166931310059,53.022940394450416,105.5223137175904,105.0,100.1767191089179,100.0
149,2021/06/05-15:54:02,-80587,41.93593110602461,53.03030917392107,105.18678102129377,105.0,99.76941065008408,100.0
149,2021/06/05-15:54:06,-80587,41.9166931310059,53.19947015830428,105.18437481675815,105.0,99.5395190740443,100.0
150,2021/06/05-15:54:58,-80587,41.887817771777065,52.99345359672799,105.20056010068673,105.0,100.17162255058531,100.0
150,2021/06/05-15:55:02,-80587,42.00318695901808,52.963948084656295,105.04906511330964,105.0,99.78507421095226,100.0
150,2021/06/05-15:55:05,-80588,41.926313343866866,53.133349815361555,104.86380184550525,105.0,99.5321556089259,100.0
151,2021/06/05-15:55:58,-80588,41.90707046579996,53.265497006033,105.29734427127595,105.0,100.15306588942711,100.0
151,2021/06/05-15:56:02,-80587,42.02238095390891,53.27282756834671,105.28766015205989,105.0,99.71983697023053,100.0
151,2021/06/05-15:56:06,-80587,42.012785174463204,52.816138561321,105.49792976441958,105.0,99.50706513366148,100.0
152,2021/06/05-15:56:58,-80587,41.887817771777065,52.890102195646136,105.12692884759257,105.0,100.15628710485937,100.0
152,2021/06/05-15:57:02,-80588,41.89744534660542,52.949188299632965,104.9144820081184,105.0,99.73621574862096,100.0
152,2021/06/05-15:57:06,-80588,41.926313343866866,52.793926426771975,104.62504042537151,105.0,99.52034954072029,100.0
153,2021/06/05-15:57:58,-80588,41.89744534660542,52.94180664792725,105.50661257001634,105.0,100.08131428629699,100.0
153,2021/06/05-15:58:03,-78868,42.03197429898063,52.912268300137384,105.2630623453424,105.0,99.67288233462355,100.0
153,2021/06/05-15:58:06,-80587,41.983983213618785,53.045043232783314,105.39562571804795,105.0,99.49523990827379,100.0
154,2021/06/05-15:58:58,-80587,42.060739744184616,52.571216093140436,104.51242312934966,105.0,100.17546507125067,100.0
154,2021/06/05-15:59:02,-80588,42.03197429898063,52.793926426771975,104.6439498872422,105.0,99.75265736743562,100.0
154,2021/06/05-15:59:06,-80588,42.060739744184616,52.793926426771975,105.10518341839848,105.0,99.52098937763698,100.0
155,2021/06/05-15:59:58,-80587,42.051153692496996,53.236163257612986,104.93571426926556,105.0,100.1396310104079,100.0
155,2021/06/05-16:00:02,-80588,42.041565211302554,53.265497006033,105.32451699607478,105.0,99.75031543251824,100.0
155,2021/06/05-16:00:06,-80588,42.089483338390494,52.80133165563183,105.31157077999639,105.0,99.51613124948146,100.0
156,2021/06/05-16:00:58,-80587,42.20424007589196,52.86792549410251,104.54106223115028,105.0,100.11044539456847,100.0
156,2021/06/05-16:01:02,-80589,42.13734088940299,52.653001327186246,104.2908697988078,105.0,99.71968554859795,100.0
156,2021/06/05-16:01:06,-80589,42.11820512522843,52.793926426771975,103.9290189315927,105.0,99.50220285785132,100.0
157,2021/06/05-16:01:58,-80589,42.21378747458624,53.31678683561586,105.56767628545535,105.0,100.14601722817135,100.0
157,2021/06/05-16:02:02,-80588,42.156466993607125,52.853135131681654,105.3552552734179,105.0,99.73649469297892,100.0
157,2021/06/05-16:02:06,-80588,42.12777421561498,52.793926426771975,105.00103886530107,105.0,99.50954101608407,100.0
158,2021/06/05-16:02:59,-80588,42.11820512522843,52.793926426771975,105.73825757511855,105.0,100.254387650333,100.0
158,2021/06/05-16:03:02,-80588,42.21378747458624,52.816138561321,105.616731432319,105.0,99.84199220849719,100.0
158,2021/06/05-16:03:06,-80587,42.185138065531135,53.00082704924216,105.81581187381886,105.0,99.52715722878881,100.0
159,2021/06/05-16:03:59,-80588,42.1660264272312,53.265497006033,104.60954831342686,105.0,100.26218167073085,100.0
159,2021/06/05-16:04:02,-80588,42.21378747458624,53.27282756834671,105.1650471482463,105.0,99.84019642486743,100.0
159,2021/06/05-16:04:06,-80588,42.185138065531135,52.793926426771975,105.36615337432431,105.0,99.55935396320548,100.0
160,2021/06/05-16:04:59,-80588,42.10863361663547,52.88271113999542,104.9179703675337,105.0,100.28010023973647,100.0
160,2021/06/05-16:05:03,-80589,42.13734088940299,52.793926426771975,104.54789535827015,105.0,99.86657251137581,100.0
160,2021/06/05-16:05:06,-80589,42.11820512522843,52.830940734730916,104.70302716052694,105.0,99.53351957140396,100.0
161,2021/06/05-16:05:59,-80588,42.07990456551465,52.64557229522558,104.28250755138463,105.0,100.24597030234591,100.0
161,2021/06/05-16:06:03,-80589,42.099059688226475,52.51164462288813,104.47454818350177,105.0,99.81587298153174,100.0
161,2021/06/05-16:06:06,-80589,42.070323367984656,52.36985236163889,104.89516575353345,105.0,99.56527058250477,100.0
162,2021/06/05-16:06:59,-80588,42.13734088940299,52.95656877835705,104.67852636392008,105.0,100.24174707683683,100.0
162,2021/06/05-16:07:03,-80589,42.185138065531135,53.18478484257122,105.00461509851294,105.0,99.81811809112443,100.0
162,2021/06/05-16:07:07,-80589,42.17558345067255,52.904880775157494,104.84615973891383,105.0,99.54227834620006,100.0
163,2021/06/05-16:07:59,-80589,42.21378747458624,53.22882694300773,104.71831726428213,105.0,100.22572425236558,100.0
163,2021/06/05-16:08:03,-80590,42.261488466895514,52.99345359672799,104.56769559965201,105.0,99.82574666245112,100.0
163,2021/06/05-16:08:07,-80589,42.185138065531135,53.03767678651451,104.798115203205,105.0,99.5435489552682,100.0
164,2021/06/05-16:08:59,-80590,42.2233324710819,53.00819933266456,104.72675274026089,105.0,100.18939252854355,100.0
164,2021/06/05-16:09:03,-80590,42.28055209292961,52.92703982334143,104.94403400736357,105.0,99.75861037231533,100.0
164,2021/06/05-16:09:07,-80590,42.261488466895514,52.80873570029337,104.8532858323454,105.0,99.50435922079042,100.0
165,2021/06/05-16:09:59,-80589,42.29960615461374,53.40458176170279,105.59535001870462,105.0,100.1034396242207,100.0
165,2021/06/05-16:10:03,-80589,42.356711079868035,53.06713557916356,105.6106174287016,105.0,99.7144648053892,100.0
165,2021/06/05-16:10:07,-80588,42.328169341632645,52.971326219087075,105.84856100419748,105.0,99.5103097186021,100.0
166,2021/06/05-16:10:59,-80589,42.31865066459051,53.44111451348647,105.41508506297727,105.0,100.1617942005898,100.0
166,2021/06/05-16:11:03,-80589,42.36622023355551,53.49950784628851,105.12030929180257,105.0,99.73842128450005,100.0
166,2021/06/05-16:11:07,-80590,42.356711079868035,53.05977262855612,104.66311936398213,105.0,99.51849289233388,100.0
167,2021/06/05-16:12:00,-80590,42.40423309483839,53.19947015830428,104.65828782786791,105.0,100.08353493835804,100.0
167,2021/06/05-16:12:03,-80591,42.385231411758355,53.236163257612986,104.44004401439024,105.0,99.67613561357454,100.0
167,2021/06/05-16:12:07,-80591,42.385231411758355,52.74205661970478,104.50635996349469,105.0,99.48743776432151,100.0
168,2021/06/05-16:13:00,-80590,42.480145125693184,52.667855804972305,104.60853439954003,105.0,100.15020274241002,100.0
168,2021/06/05-16:13:04,-80591,42.44220802563166,53.25816529434417,105.13754894737048,105.0,99.73403259170091,100.0
168,2021/06/05-16:13:07,-80590,42.461181298284316,53.44841765223106,105.15572651214644,105.0,99.5328973656622,100.0
169,2021/06/05-16:14:00,-80590,42.59373043321665,52.63814206712311,104.62116392337026,105.0,100.12396840527913,100.0
169,2021/06/05-16:14:04,-80591,42.53698006042231,52.80133165563183,104.99546294581143,105.0,99.70293824302739,100.0
169,2021/06/05-16:14:07,-80591,42.57482301753578,52.793926426771975,104.87914281170897,105.0,99.47629601527234,100.0
170,2021/06/05-16:15:00,-80591,42.631517200146504,53.21415085699908,105.22124702184354,105.0,100.10741320589347,100.0
170,2021/06/05-16:15:04,-80591,42.66926662931513,53.00082704924216,105.27865736291947,105.0,99.72373033062009,100.0
170,2021/06/05-16:15:07,-80591,42.64095805404088,52.779112414197755,105.02883062591982,105.0,99.50671460456881,100.0
171,2021/06/05-16:16:00,-80591,42.6503965758518,52.578657112352744,105.12546998137397,105.0,100.16759823100975,100.0
171,2021/06/05-16:16:04,-80591,42.66926662931513,52.793926426771975,104.99623303500276,105.0,99.75714109917082,100.0
171,2021/06/05-16:16:08,-80591,42.622074012643964,52.653001327186246,104.99470922428289,105.0,99.5575829300537,100.0
172,2021/06/05-16:17:00,-80591,42.66926662931513,52.496739701738136,105.11163962714848,105.0,100.16097429377304,100.0
172,2021/06/05-16:17:04,-80591,42.64095805404088,52.971326219087075,105.19507825736174,105.0,99.78051704820913,100.0
172,2021/06/05-16:17:08,-80591,42.678698164009745,53.30213833466274,105.03101838624072,105.0,99.53768818529717,100.0
173,2021/06/05-16:18:00,-80591,42.68812737270525,53.28015698182617,105.39760283454392,105.0,100.19111325582408,100.0
173,2021/06/05-16:18:04,-80591,42.66926662931513,53.00082704924216,105.32885942685054,105.0,99.59964822717467,100.0
173,2021/06/05-16:18:10,-78871,42.68812737270525,53.03767678651451,105.3333954450321,105.0,99.50744343333416,100.0
174,2021/06/05-16:19:00,-80590,42.71640105796416,53.140701149535914,104.73532237049737,105.0,100.18621588699506,100.0
174,2021/06/05-16:19:04,-80591,42.70697881816733,53.25083243273906,104.87305380129156,105.0,99.75477125015658,100.0
174,2021/06/05-16:19:08,-80592,42.71640105796416,53.31678683561586,104.88266157490413,105.0,99.51388476136374,100.0
175,2021/06/05-16:20:01,-80592,42.74465386376937,53.265497006033,105.51643115210139,105.0,100.21928238990085,100.0
175,2021/06/05-16:20:04,-80591,42.763477488081946,53.05977262855612,105.50177864195182,105.0,99.81966403212107,100.0
175,2021/06/05-16:20:08,-80591,42.70697881816733,53.05240851327983,105.66787168215689,105.0,99.5235870216433,100.0
176,2021/06/05-16:21:01,-80591,42.78229186281152,53.45571965501438,104.8476943078854,105.0,100.19265290290097,100.0
176,2021/06/05-16:21:05,-80591,42.763477488081946,53.39727179600072,104.77304937752892,105.0,99.75861331469926,100.0
176,2021/06/05-16:21:08,-80591,42.763477488081946,53.368020530897695,104.85502334699518,105.0,99.50208881232292,100.0
177,2021/06/05-16:22:01,-80591,42.79169558534221,53.265497006033,105.17594443134605,105.0,100.23215712081299,100.0
177,2021/06/05-16:22:05,-80592,42.79169558534221,53.35338804947418,105.04849137509743,105.0,99.84005048245831,100.0
177,2021/06/05-16:22:08,-80591,42.8010969999857,53.287485247011944,105.33113040322458,105.0,99.52354990548888,100.0
178,2021/06/05-16:23:01,-80591,42.848069507339005,53.05977262855612,105.06339729489798,105.0,100.2715348818443,100.0
178,2021/06/05-16:23:05,-80591,42.82928741158423,52.83834004824013,105.15433857623222,105.0,99.83785763864019,100.0
178,2021/06/05-16:23:09,-80591,42.82928741158423,52.904880775157494,105.46427391235149,105.0,99.55442442858158,100.0
179,2021/06/05-16:24:01,-80591,42.86684240745274,53.265497006033,105.485060825993,105.0,100.26033120839728,100.0
179,2021/06/05-16:24:05,-80591,42.848069507339005,53.44841765223106,105.43716931434778,105.0,99.85532879680864,100.0
179,2021/06/05-16:24:09,-80591,42.848069507339005,53.30213833466274,105.51242651058567,105.0,99.54039494227047,100.0
180,2021/06/05-16:25:01,-80592,42.838679609662904,53.324109367428264,104.5507123832287,105.0,100.22041326020162,100.0
180,2021/06/05-16:25:05,-80592,42.876225412871065,53.30946315820694,104.62402515499745,105.0,99.82220056677191,100.0
180,2021/06/05-16:25:09,-80592,42.848069507339005,53.22148947631746,104.53962829127217,105.0,99.5386146440928,100.0
181,2021/06/05-16:26:01,-80592,42.91373450499833,53.265497006033,105.74168188159778,105.0,100.26393892372484,100.0
181,2021/06/05-16:26:05,-80591,42.91373450499833,53.265497006033,106.04987671151788,105.0,99.81139283336391,100.0
181,2021/06/05-16:26:09,-80591,42.91373450499833,53.24349842067596,105.93027980214525,105.0,99.56116067197527,100.0
182,2021/06/05-16:27:01,-78871,42.97928736577933,53.34607009466799,104.93560554514984,105.0,100.25613945177736,100.0
182,2021/06/05-16:27:05,-80592,42.94184228962126,52.91965464934583,104.96001883978134,105.0,99.86480648303178,100.0
182,2021/06/05-16:27:09,-80592,42.969929517669186,53.074497365653485,105.14858775217864,105.0,99.5550685212011,100.0
183,2021/06/05-16:28:01,-80592,42.969929517669186,53.294812364444226,105.53418737663208,105.0,100.31333138593368,100.0
183,2021/06/05-16:28:05,-80592,42.97928736577933,53.05240851327983,105.37131127581723,105.0,99.90349682593595,100.0
183,2021/06/05-16:28:09,-80592,42.969929517669186,53.05977262855612,105.47126509798686,105.0,99.575485451813,100.0
184,2021/06/05-16:29:01,-80592,42.96056938992234,52.904880775157494,105.63887314183216,105.0,100.33814885729464,100.0
184,2021/06/05-16:29:05,-80591,42.95120698106484,53.19947015830428,105.40449258356169,105.0,99.90984376841611,100.0
184,2021/06/05-16:29:09,-80591,42.99799622897842,52.92703982334143,105.40838252349856,105.0,99.58836906194979,100.0
185,2021/06/05-16:30:01,-80592,42.99799622897842,53.25083243273906,104.88913662080225,105.0,100.32854622543239,100.0
185,2021/06/05-16:30:05,-80592,42.99799622897842,53.265497006033,104.93315940543582,105.0,99.93174603630509,100.0
185,2021/06/05-16:30:09,-80592,43.00734724700828,53.492212648115526,104.67006507014327,105.0,99.58875875323827,100.0
186,2021/06/05-16:31:02,-80593,42.988642935725295,53.44111451348647,104.88726531650077,105.0,100.32864914076382,100.0
186,2021/06/05-16:31:05,-80592,42.99799622897842,53.7033156296132,105.14701315352681,105.0,99.9183995231971,100.0
186,2021/06/05-16:31:09,-80592,42.988642935725295,53.74687434476732,105.39801761584826,105.0,99.61270974919758,100.0
187,2021/06/05-16:32:02,-80592,42.97928736577933,53.76138499542486,105.51756013219597,105.0,100.33086078902637,100.0
187,2021/06/05-16:32:06,-80592,42.97928736577933,53.833871526908524,105.47112648727416,105.0,99.9319610111752,100.0
187,2021/06/05-16:32:09,-80592,43.00734724700828,53.60880024525909,105.5737677175988,105.0,99.5803213440251,100.0
188,2021/06/05-16:33:02,-80592,43.04472859624161,53.65244627194534,105.03787716738579,105.0,100.33251435827266,100.0
188,2021/06/05-16:33:06,-80592,43.04472859624161,53.30946315820694,105.00197944733192,105.0,99.93398432167777,100.0
188,2021/06/05-16:33:09,-80593,42.988642935725295,53.25083243273906,104.67954813435964,105.0,99.59512698912903,100.0
189,2021/06/05-16:34:02,-80593,42.97928736577933,53.732359236343655,104.51499882120812,105.0,100.33938581856326,100.0
189,2021/06/05-16:34:06,-80593,43.02604246327047,53.71057820632842,104.92117112793224,105.0,99.90355461887769,100.0
189,2021/06/05-16:34:09,-80592,43.016695991283314,53.49950784628851,105.17267966338802,105.0,99.6040096208547,100.0